sai,sbi,sci,sa,sb,sc,dist
6,18,21,Run1_C_36,Run1_C_32,Run1_C_12,1.135
21,19,2,Run1_C_12,Run1_C_31,Run1_C_44,0.0264
8,13,14,Run1_C_13,Run1_C_18,Run1_C_39,0.169
6,19,3,Run1_C_36,Run1_C_31,Run1_C_42,0.4724
17,3,8,Run1_C_40,Run1_C_42,Run1_C_13,0.4661
2,9,20,Run1_C_44,Run1_C_25,Run1_C_22,1.7878
6,4,7,Run1_C_36,Run1_C_35,Run1_C_14,0.0913
14,9,5,Run1_C_39,Run1_C_25,Run1_C_43,1.4218
17,10,3,Run1_C_40,Run1_C_19,Run1_C_42,0.4469
3,20,14,Run1_C_42,Run1_C_22,Run1_C_39,1.9263
17,11,15,Run1_C_40,Run1_C_45,Run1_C_7,0.457
8,10,7,Run1_C_13,Run1_C_19,Run1_C_14,0.0455
14,9,21,Run1_C_39,Run1_C_25,Run1_C_12,0.4133
8,6,15,Run1_C_13,Run1_C_36,Run1_C_7,0.3118
9,0,15,Run1_C_25,Run1_C_29,Run1_C_7,2.0613
23,0,22,Run1_C_38,Run1_C_29,Run1_C_27,1.8859
2,4,3,Run1_C_44,Run1_C_35,Run1_C_42,0.5448
6,22,5,Run1_C_36,Run1_C_27,Run1_C_43,1.022
17,10,20,Run1_C_40,Run1_C_19,Run1_C_22,0.0608
2,8,20,Run1_C_44,Run1_C_13,Run1_C_22,0.4722
14,6,21,Run1_C_39,Run1_C_36,Run1_C_12,0.2616
8,1,17,Run1_C_13,Run1_C_30,Run1_C_40,0.1355
8,3,9,Run1_C_13,Run1_C_42,Run1_C_25,0.2811
19,16,4,Run1_C_31,Run1_C_41,Run1_C_35,0.372
17,20,7,Run1_C_40,Run1_C_22,Run1_C_14,1.125
17,5,11,Run1_C_40,Run1_C_43,Run1_C_45,0.6127
11,18,22,Run1_C_45,Run1_C_32,Run1_C_27,0.197
22,4,1,Run1_C_27,Run1_C_35,Run1_C_30,0.0334
17,19,15,Run1_C_40,Run1_C_31,Run1_C_7,0.842
11,18,16,Run1_C_45,Run1_C_32,Run1_C_41,1.165
5,16,23,Run1_C_43,Run1_C_41,Run1_C_38,0.336
11,18,4,Run1_C_45,Run1_C_32,Run1_C_35,1.0656
7,4,20,Run1_C_14,Run1_C_35,Run1_C_22,0.2135
7,20,8,Run1_C_14,Run1_C_22,Run1_C_13,0.5599
17,4,9,Run1_C_40,Run1_C_35,Run1_C_25,0.3062
23,19,20,Run1_C_38,Run1_C_31,Run1_C_22,0.1243
0,19,2,Run1_C_29,Run1_C_31,Run1_C_44,0.0506
21,5,16,Run1_C_12,Run1_C_43,Run1_C_41,0.0723
23,21,3,Run1_C_38,Run1_C_12,Run1_C_42,0.5645
7,5,15,Run1_C_14,Run1_C_43,Run1_C_7,0.6405
17,4,11,Run1_C_40,Run1_C_35,Run1_C_45,0.3861
7,20,14,Run1_C_14,Run1_C_22,Run1_C_39,0.5468
22,11,4,Run1_C_27,Run1_C_45,Run1_C_35,1.2771
5,20,6,Run1_C_43,Run1_C_22,Run1_C_36,1.5735
15,13,18,Run1_C_7,Run1_C_18,Run1_C_32,0.0054
7,15,8,Run1_C_14,Run1_C_7,Run1_C_13,0.0455
6,11,10,Run1_C_36,Run1_C_45,Run1_C_19,1.7388
22,13,15,Run1_C_27,Run1_C_18,Run1_C_7,0.0093
7,4,16,Run1_C_14,Run1_C_35,Run1_C_41,0.1182
3,1,2,Run1_C_42,Run1_C_30,Run1_C_44,0.8154
17,23,8,Run1_C_40,Run1_C_38,Run1_C_13,0.2646
6,22,1,Run1_C_36,Run1_C_27,Run1_C_30,0.5083
2,18,8,Run1_C_44,Run1_C_32,Run1_C_13,1.2157
3,0,21,Run1_C_42,Run1_C_29,Run1_C_12,0.2697
8,0,7,Run1_C_13,Run1_C_29,Run1_C_14,0.579
3,1,13,Run1_C_42,Run1_C_30,Run1_C_18,0.5433
8,3,14,Run1_C_13,Run1_C_42,Run1_C_39,0.3145
9,4,15,Run1_C_25,Run1_C_35,Run1_C_7,0.5613
17,13,2,Run1_C_40,Run1_C_18,Run1_C_44,1.1375
10,16,18,Run1_C_19,Run1_C_41,Run1_C_32,0.1056
7,16,21,Run1_C_14,Run1_C_41,Run1_C_12,0.1928
2,18,15,Run1_C_44,Run1_C_32,Run1_C_7,1.7632
23,1,7,Run1_C_38,Run1_C_30,Run1_C_14,0.5319
16,20,21,Run1_C_41,Run1_C_22,Run1_C_12,0.6493
21,1,22,Run1_C_12,Run1_C_30,Run1_C_27,0.0011
22,4,20,Run1_C_27,Run1_C_35,Run1_C_22,0.1152
19,13,3,Run1_C_31,Run1_C_18,Run1_C_42,0.4397
21,10,7,Run1_C_12,Run1_C_19,Run1_C_14,0.579
3,0,18,Run1_C_42,Run1_C_29,Run1_C_32,0.2991
23,9,8,Run1_C_38,Run1_C_25,Run1_C_13,0.8799
2,22,16,Run1_C_44,Run1_C_27,Run1_C_41,0.4781
3,10,6,Run1_C_42,Run1_C_19,Run1_C_36,0.3715
8,14,20,Run1_C_13,Run1_C_39,Run1_C_22,0.5052
15,1,17,Run1_C_7,Run1_C_30,Run1_C_40,0.3572
14,4,18,Run1_C_39,Run1_C_35,Run1_C_32,0.9428
17,19,21,Run1_C_40,Run1_C_31,Run1_C_12,0.7282
20,13,7,Run1_C_22,Run1_C_18,Run1_C_14,0.4425
17,10,19,Run1_C_40,Run1_C_19,Run1_C_31,0.1931
6,9,7,Run1_C_36,Run1_C_25,Run1_C_14,0.2594
22,16,15,Run1_C_27,Run1_C_41,Run1_C_7,0.5157
17,10,1,Run1_C_40,Run1_C_19,Run1_C_30,1.1941
14,10,16,Run1_C_39,Run1_C_19,Run1_C_41,0.0557
13,16,2,Run1_C_18,Run1_C_41,Run1_C_44,1.101
7,22,0,Run1_C_14,Run1_C_27,Run1_C_29,0.8284
6,18,8,Run1_C_36,Run1_C_32,Run1_C_13,0.7067
10,0,14,Run1_C_19,Run1_C_29,Run1_C_39,0.1891
7,5,2,Run1_C_14,Run1_C_43,Run1_C_44,1.1448
8,19,2,Run1_C_13,Run1_C_31,Run1_C_44,0.0299
17,13,21,Run1_C_40,Run1_C_18,Run1_C_12,0.6943
6,4,16,Run1_C_36,Run1_C_35,Run1_C_41,0.4656
3,0,13,Run1_C_42,Run1_C_29,Run1_C_18,0.3317
6,19,0,Run1_C_36,Run1_C_31,Run1_C_29,0.2616
6,11,4,Run1_C_36,Run1_C_45,Run1_C_35,1.3354
8,21,18,Run1_C_13,Run1_C_12,Run1_C_32,0.5974
23,9,20,Run1_C_38,Run1_C_25,Run1_C_22,1.4185
2,14,20,Run1_C_44,Run1_C_39,Run1_C_22,1.6879
19,5,4,Run1_C_31,Run1_C_43,Run1_C_35,0.7011
21,10,18,Run1_C_12,Run1_C_19,Run1_C_32,0.0334
14,21,19,Run1_C_39,Run1_C_12,Run1_C_31,0.4714
6,15,5,Run1_C_36,Run1_C_7,Run1_C_43,0.087
9,0,6,Run1_C_25,Run1_C_29,Run1_C_36,1.1535
7,22,1,Run1_C_14,Run1_C_27,Run1_C_30,0.8284
23,0,7,Run1_C_38,Run1_C_29,Run1_C_14,1.9461
2,11,4,Run1_C_44,Run1_C_45,Run1_C_35,2.1592
19,20,22,Run1_C_31,Run1_C_22,Run1_C_27,0.3465
2,4,13,Run1_C_44,Run1_C_35,Run1_C_18,0.2727
9,0,21,Run1_C_25,Run1_C_29,Run1_C_12,1.0
7,20,0,Run1_C_14,Run1_C_22,Run1_C_29,0.552
22,11,16,Run1_C_27,Run1_C_45,Run1_C_41,1.3404
8,11,4,Run1_C_13,Run1_C_45,Run1_C_35,0.023
19,16,22,Run1_C_31,Run1_C_41,Run1_C_27,0.3725
14,6,20,Run1_C_39,Run1_C_36,Run1_C_22,0.8558
23,9,3,Run1_C_38,Run1_C_25,Run1_C_42,1.052
23,21,22,Run1_C_38,Run1_C_12,Run1_C_27,0.9431
4,5,13,Run1_C_35,Run1_C_43,Run1_C_18,0.1511
15,1,9,Run1_C_7,Run1_C_30,Run1_C_25,0.7552
19,20,9,Run1_C_31,Run1_C_22,Run1_C_25,0.2941
14,4,20,Run1_C_39,Run1_C_35,Run1_C_22,1.4868
6,0,7,Run1_C_36,Run1_C_29,Run1_C_14,0.2594
10,13,9,Run1_C_19,Run1_C_18,Run1_C_25,0.9533
20,13,15,Run1_C_22,Run1_C_18,Run1_C_7,0.4425
3,16,21,Run1_C_42,Run1_C_41,Run1_C_12,0.9549
14,4,15,Run1_C_39,Run1_C_35,Run1_C_7,1.9461
15,20,22,Run1_C_7,Run1_C_22,Run1_C_27,0.1235
1,19,6,Run1_C_30,Run1_C_31,Run1_C_36,1.1526
9,18,5,Run1_C_25,Run1_C_32,Run1_C_43,1.052
15,1,11,Run1_C_7,Run1_C_30,Run1_C_45,0.7615
1,20,15,Run1_C_30,Run1_C_22,Run1_C_7,0.4593
23,14,19,Run1_C_38,Run1_C_39,Run1_C_31,2.2222
3,5,19,Run1_C_42,Run1_C_43,Run1_C_31,0.3754
5,13,14,Run1_C_43,Run1_C_18,Run1_C_39,0.4465
23,19,22,Run1_C_38,Run1_C_31,Run1_C_27,0.8928
3,13,6,Run1_C_42,Run1_C_18,Run1_C_36,0.4397
9,0,13,Run1_C_25,Run1_C_29,Run1_C_18,2.0139
7,5,8,Run1_C_14,Run1_C_43,Run1_C_13,0.7453
3,10,15,Run1_C_42,Run1_C_19,Run1_C_7,0.86
4,13,0,Run1_C_35,Run1_C_18,Run1_C_29,0.1186
10,20,2,Run1_C_19,Run1_C_22,Run1_C_44,0.3845
15,5,0,Run1_C_7,Run1_C_43,Run1_C_29,0.1226
14,4,11,Run1_C_39,Run1_C_35,Run1_C_45,1.0832
2,23,7,Run1_C_44,Run1_C_38,Run1_C_14,1.3416
3,1,8,Run1_C_42,Run1_C_30,Run1_C_13,0.3474
8,1,11,Run1_C_13,Run1_C_30,Run1_C_45,0.0904
3,23,22,Run1_C_42,Run1_C_38,Run1_C_27,0.3653
6,1,7,Run1_C_36,Run1_C_30,Run1_C_14,0.2594
2,0,5,Run1_C_44,Run1_C_29,Run1_C_43,0.5139
3,5,2,Run1_C_42,Run1_C_43,Run1_C_44,1.4996
2,18,5,Run1_C_44,Run1_C_32,Run1_C_43,1.3245
5,16,9,Run1_C_43,Run1_C_41,Run1_C_25,0.7005
17,19,18,Run1_C_40,Run1_C_31,Run1_C_32,0.7698
8,3,23,Run1_C_13,Run1_C_42,Run1_C_38,0.3145
0,4,11,Run1_C_29,Run1_C_35,Run1_C_45,0.08
16,13,7,Run1_C_41,Run1_C_18,Run1_C_14,0.4641
14,21,11,Run1_C_39,Run1_C_12,Run1_C_45,0.0955
7,22,17,Run1_C_14,Run1_C_27,Run1_C_40,0.2857
1,5,6,Run1_C_30,Run1_C_43,Run1_C_36,1.0999
9,11,16,Run1_C_25,Run1_C_45,Run1_C_41,1.3184
22,4,8,Run1_C_27,Run1_C_35,Run1_C_13,0.5334
23,18,20,Run1_C_38,Run1_C_32,Run1_C_22,0.0647
7,18,13,Run1_C_14,Run1_C_32,Run1_C_18,1.4786
5,20,16,Run1_C_43,Run1_C_22,Run1_C_41,0.8278
17,20,21,Run1_C_40,Run1_C_22,Run1_C_12,0.8605
22,4,16,Run1_C_27,Run1_C_35,Run1_C_41,0.0633
11,18,20,Run1_C_45,Run1_C_32,Run1_C_22,1.6278
3,5,21,Run1_C_42,Run1_C_43,Run1_C_12,1.0765
7,22,14,Run1_C_14,Run1_C_27,Run1_C_39,0.8313
17,20,23,Run1_C_40,Run1_C_22,Run1_C_38,0.902
23,11,8,Run1_C_38,Run1_C_45,Run1_C_13,0.3015
23,21,7,Run1_C_38,Run1_C_12,Run1_C_14,1.0033
23,0,1,Run1_C_38,Run1_C_29,Run1_C_30,1.3848
9,11,14,Run1_C_25,Run1_C_45,Run1_C_39,0.2859
23,9,16,Run1_C_38,Run1_C_25,Run1_C_41,1.414
19,5,13,Run1_C_31,Run1_C_43,Run1_C_18,0.2999
23,0,10,Run1_C_38,Run1_C_29,Run1_C_19,0.2823
1,5,0,Run1_C_30,Run1_C_43,Run1_C_29,1.4464
13,16,23,Run1_C_18,Run1_C_41,Run1_C_38,1.1017
16,13,15,Run1_C_41,Run1_C_18,Run1_C_7,1.1174
16,13,1,Run1_C_41,Run1_C_18,Run1_C_30,0.2097
22,20,23,Run1_C_27,Run1_C_22,Run1_C_38,0.4221
14,11,7,Run1_C_39,Run1_C_45,Run1_C_14,0.2145
22,18,0,Run1_C_27,Run1_C_32,Run1_C_29,0.5334
17,19,5,Run1_C_40,Run1_C_31,Run1_C_43,0.0637
3,5,9,Run1_C_42,Run1_C_43,Run1_C_25,1.861
17,16,1,Run1_C_40,Run1_C_41,Run1_C_30,1.6626
3,7,21,Run1_C_42,Run1_C_14,Run1_C_12,0.1226
2,6,15,Run1_C_44,Run1_C_36,Run1_C_7,1.7007
2,9,15,Run1_C_44,Run1_C_25,Run1_C_7,1.8471
2,9,7,Run1_C_44,Run1_C_25,Run1_C_14,1.8471
4,20,8,Run1_C_35,Run1_C_22,Run1_C_13,0.3991
23,19,18,Run1_C_38,Run1_C_31,Run1_C_32,0.4444
14,0,8,Run1_C_39,Run1_C_29,Run1_C_13,0.8799
3,7,9,Run1_C_42,Run1_C_14,Run1_C_25,0.5148
7,18,17,Run1_C_14,Run1_C_32,Run1_C_40,0.6976
9,10,22,Run1_C_25,Run1_C_19,Run1_C_27,1.0679
4,18,16,Run1_C_35,Run1_C_32,Run1_C_41,0.0994
23,10,1,Run1_C_38,Run1_C_19,Run1_C_30,0.4705
6,22,14,Run1_C_36,Run1_C_27,Run1_C_39,0.1512
17,3,6,Run1_C_40,Run1_C_42,Run1_C_36,0.9329
23,21,18,Run1_C_38,Run1_C_12,Run1_C_32,0.4714
18,16,5,Run1_C_32,Run1_C_41,Run1_C_43,0.1452
9,0,7,Run1_C_25,Run1_C_29,Run1_C_14,2.0613
8,21,4,Run1_C_13,Run1_C_12,Run1_C_35,0.5679
3,13,2,Run1_C_42,Run1_C_18,Run1_C_44,0.0915
6,9,16,Run1_C_36,Run1_C_25,Run1_C_41,0.4656
9,18,3,Run1_C_25,Run1_C_32,Run1_C_42,1.052
9,4,20,Run1_C_25,Run1_C_35,Run1_C_22,0.1021
5,13,6,Run1_C_43,Run1_C_18,Run1_C_36,0.1052
5,16,15,Run1_C_43,Run1_C_41,Run1_C_7,0.1973
14,23,20,Run1_C_39,Run1_C_38,Run1_C_22,3.1163
10,16,15,Run1_C_19,Run1_C_41,Run1_C_7,0.9938
22,18,13,Run1_C_27,Run1_C_32,Run1_C_18,1.011
23,4,22,Run1_C_38,Run1_C_35,Run1_C_27,1.3513
6,15,3,Run1_C_36,Run1_C_7,Run1_C_42,0.5888
17,7,1,Run1_C_40,Run1_C_14,Run1_C_30,0.1437
2,0,15,Run1_C_44,Run1_C_29,Run1_C_7,0.9527
10,20,15,Run1_C_19,Run1_C_22,Run1_C_7,0.3129
17,16,0,Run1_C_40,Run1_C_41,Run1_C_29,1.7478
23,9,1,Run1_C_38,Run1_C_25,Run1_C_30,0.9428
19,16,7,Run1_C_31,Run1_C_41,Run1_C_14,0.2056
8,9,4,Run1_C_13,Run1_C_25,Run1_C_35,0.0334
2,22,10,Run1_C_44,Run1_C_27,Run1_C_19,0.4781
17,10,6,Run1_C_40,Run1_C_19,Run1_C_36,1.2845
6,11,9,Run1_C_36,Run1_C_45,Run1_C_25,0.4826
17,14,22,Run1_C_40,Run1_C_39,Run1_C_27,0.7686
9,0,4,Run1_C_25,Run1_C_29,Run1_C_35,1.5
17,1,22,Run1_C_40,Run1_C_30,Run1_C_27,0.3991
0,18,13,Run1_C_29,Run1_C_32,Run1_C_18,0.4844
14,0,17,Run1_C_39,Run1_C_29,Run1_C_40,0.6072
11,18,23,Run1_C_45,Run1_C_32,Run1_C_38,1.206
3,20,18,Run1_C_42,Run1_C_22,Run1_C_32,1.5414
7,15,2,Run1_C_14,Run1_C_7,Run1_C_44,0.0934
6,22,3,Run1_C_36,Run1_C_27,Run1_C_42,1.3564
3,13,18,Run1_C_42,Run1_C_18,Run1_C_32,0.0767
17,0,1,Run1_C_40,Run1_C_29,Run1_C_30,0.3062
3,1,23,Run1_C_42,Run1_C_30,Run1_C_38,0.6914
7,4,21,Run1_C_14,Run1_C_35,Run1_C_12,0.2552
4,18,8,Run1_C_35,Run1_C_32,Run1_C_13,0.9431
22,0,15,Run1_C_27,Run1_C_29,Run1_C_7,0.0444
23,10,22,Run1_C_38,Run1_C_19,Run1_C_27,1.004
14,23,1,Run1_C_39,Run1_C_38,Run1_C_30,2.6406
1,16,0,Run1_C_30,Run1_C_41,Run1_C_29,0.3913
21,6,3,Run1_C_12,Run1_C_36,Run1_C_42,0.0426
23,9,17,Run1_C_38,Run1_C_25,Run1_C_40,0.6487
17,21,7,Run1_C_40,Run1_C_12,Run1_C_14,0.2645
1,20,4,Run1_C_30,Run1_C_22,Run1_C_35,0.7144
23,21,11,Run1_C_38,Run1_C_12,Run1_C_45,0.0955
2,9,13,Run1_C_44,Run1_C_25,Run1_C_18,1.7996
23,4,2,Run1_C_38,Run1_C_35,Run1_C_44,0.6205
22,16,8,Run1_C_27,Run1_C_41,Run1_C_13,0.4701
21,0,18,Run1_C_12,Run1_C_29,Run1_C_32,0.0295
6,19,10,Run1_C_36,Run1_C_31,Run1_C_19,0.1996
1,16,4,Run1_C_30,Run1_C_41,Run1_C_35,0.3913
10,4,5,Run1_C_19,Run1_C_35,Run1_C_43,0.2983
17,7,15,Run1_C_40,Run1_C_14,Run1_C_7,0.5417
17,7,2,Run1_C_40,Run1_C_14,Run1_C_44,0.1786
3,19,4,Run1_C_42,Run1_C_31,Run1_C_35,0.2606
2,19,7,Run1_C_44,Run1_C_31,Run1_C_14,0.4983
22,11,3,Run1_C_27,Run1_C_45,Run1_C_42,1.4778
2,14,22,Run1_C_44,Run1_C_39,Run1_C_27,0.7376
2,4,20,Run1_C_44,Run1_C_35,Run1_C_22,0.4934
9,11,1,Run1_C_25,Run1_C_45,Run1_C_30,1.6993
7,18,10,Run1_C_14,Run1_C_32,Run1_C_19,0.9623
21,15,18,Run1_C_12,Run1_C_7,Run1_C_32,0.2846
2,11,20,Run1_C_44,Run1_C_45,Run1_C_22,2.7028
21,13,7,Run1_C_12,Run1_C_18,Run1_C_14,0.635
3,20,10,Run1_C_42,Run1_C_22,Run1_C_19,1.0665
7,5,6,Run1_C_14,Run1_C_43,Run1_C_36,0.5535
5,20,21,Run1_C_43,Run1_C_22,Run1_C_12,1.1515
2,14,1,Run1_C_44,Run1_C_39,Run1_C_30,1.6867
7,6,20,Run1_C_14,Run1_C_36,Run1_C_22,0.0454
17,10,11,Run1_C_40,Run1_C_19,Run1_C_45,1.3798
5,16,6,Run1_C_43,Run1_C_41,Run1_C_36,0.3165
22,11,13,Run1_C_27,Run1_C_45,Run1_C_18,1.8176
7,18,20,Run1_C_14,Run1_C_32,Run1_C_22,0.9206
19,20,11,Run1_C_31,Run1_C_22,Run1_C_45,0.3651
8,0,20,Run1_C_13,Run1_C_29,Run1_C_22,0.5437
15,1,4,Run1_C_7,Run1_C_30,Run1_C_35,0.2552
19,13,4,Run1_C_31,Run1_C_18,Run1_C_35,0.5522
17,4,15,Run1_C_40,Run1_C_35,Run1_C_7,0.8675
15,20,8,Run1_C_7,Run1_C_22,Run1_C_13,0.5599
6,1,17,Run1_C_36,Run1_C_30,Run1_C_40,0.4485
2,11,15,Run1_C_44,Run1_C_45,Run1_C_7,3.1439
2,22,21,Run1_C_44,Run1_C_27,Run1_C_12,0.5041
8,21,7,Run1_C_13,Run1_C_12,Run1_C_14,1.1135
1,0,22,Run1_C_30,Run1_C_29,Run1_C_27,0.5011
6,11,15,Run1_C_36,Run1_C_45,Run1_C_7,1.5948
2,18,3,Run1_C_44,Run1_C_32,Run1_C_42,1.3245
23,10,11,Run1_C_38,Run1_C_19,Run1_C_45,0.2024
8,22,15,Run1_C_13,Run1_C_27,Run1_C_7,0.0455
21,9,17,Run1_C_12,Run1_C_25,Run1_C_40,0.1938
23,21,20,Run1_C_38,Run1_C_12,Run1_C_22,0.544
15,5,9,Run1_C_7,Run1_C_43,Run1_C_25,0.5148
6,11,8,Run1_C_36,Run1_C_45,Run1_C_13,1.283
9,18,19,Run1_C_25,Run1_C_32,Run1_C_31,0.9428
21,9,4,Run1_C_12,Run1_C_25,Run1_C_35,0.5
23,19,11,Run1_C_38,Run1_C_31,Run1_C_45,0.0874
19,5,18,Run1_C_31,Run1_C_43,Run1_C_32,1.0263
22,18,10,Run1_C_27,Run1_C_32,Run1_C_19,0.504
19,20,4,Run1_C_31,Run1_C_22,Run1_C_35,0.2941
2,9,10,Run1_C_44,Run1_C_25,Run1_C_19,0.7178
4,0,15,Run1_C_35,Run1_C_29,Run1_C_7,0.5613
21,18,3,Run1_C_12,Run1_C_32,Run1_C_42,0.0931
14,6,10,Run1_C_39,Run1_C_36,Run1_C_19,0.1996
17,16,11,Run1_C_40,Run1_C_41,Run1_C_45,2.1731
3,1,0,Run1_C_42,Run1_C_30,Run1_C_29,0.3922
1,20,22,Run1_C_30,Run1_C_22,Run1_C_27,0.7963
10,4,1,Run1_C_19,Run1_C_35,Run1_C_30,0.5345
4,5,0,Run1_C_35,Run1_C_43,Run1_C_29,0.2697
10,13,2,Run1_C_19,Run1_C_18,Run1_C_44,1.5512
17,5,2,Run1_C_40,Run1_C_43,Run1_C_44,0.5973
13,16,11,Run1_C_18,Run1_C_41,Run1_C_45,0.7202
4,18,1,Run1_C_35,Run1_C_32,Run1_C_30,0.4419
16,13,5,Run1_C_41,Run1_C_18,Run1_C_43,0.4037
2,9,3,Run1_C_44,Run1_C_25,Run1_C_42,1.4392
19,13,9,Run1_C_31,Run1_C_18,Run1_C_25,0.7003
3,21,22,Run1_C_42,Run1_C_12,Run1_C_27,0.3785
6,18,5,Run1_C_36,Run1_C_32,Run1_C_43,1.2442
1,19,2,Run1_C_30,Run1_C_31,Run1_C_44,1.9352
17,20,13,Run1_C_40,Run1_C_22,Run1_C_18,0.1661
1,16,21,Run1_C_30,Run1_C_41,Run1_C_12,0.4472
14,11,17,Run1_C_39,Run1_C_45,Run1_C_40,0.0369
20,13,18,Run1_C_22,Run1_C_18,Run1_C_32,0.6044
21,5,15,Run1_C_12,Run1_C_43,Run1_C_7,0.0145
6,18,19,Run1_C_36,Run1_C_32,Run1_C_31,0.402
3,18,15,Run1_C_42,Run1_C_32,Run1_C_7,0.4387
2,18,0,Run1_C_44,Run1_C_32,Run1_C_29,0.7945
8,3,18,Run1_C_13,Run1_C_42,Run1_C_32,0.4532
6,0,3,Run1_C_36,Run1_C_29,Run1_C_42,0.0768
7,22,4,Run1_C_14,Run1_C_27,Run1_C_35,0.0722
3,20,19,Run1_C_42,Run1_C_22,Run1_C_31,1.1565
17,19,22,Run1_C_40,Run1_C_31,Run1_C_27,1.5384
7,22,21,Run1_C_14,Run1_C_27,Run1_C_12,0.8284
16,13,9,Run1_C_41,Run1_C_18,Run1_C_25,1.1042
5,13,22,Run1_C_43,Run1_C_18,Run1_C_27,0.4451
7,4,13,Run1_C_14,Run1_C_35,Run1_C_18,0.1366
17,21,2,Run1_C_40,Run1_C_12,Run1_C_44,0.3621
2,11,10,Run1_C_44,Run1_C_45,Run1_C_19,2.5804
6,1,10,Run1_C_36,Run1_C_30,Run1_C_19,0.313
21,11,3,Run1_C_12,Run1_C_45,Run1_C_42,0.469
5,20,11,Run1_C_43,Run1_C_22,Run1_C_45,1.5735
1,5,2,Run1_C_30,Run1_C_43,Run1_C_44,1.9495
6,18,7,Run1_C_36,Run1_C_32,Run1_C_14,0.1433
9,10,5,Run1_C_25,Run1_C_19,Run1_C_43,0.6728
10,13,6,Run1_C_19,Run1_C_18,Run1_C_36,1.5783
17,5,21,Run1_C_40,Run1_C_43,Run1_C_12,0.1542
15,19,4,Run1_C_7,Run1_C_31,Run1_C_35,0.2219
5,20,15,Run1_C_43,Run1_C_22,Run1_C_7,1.3795
17,3,23,Run1_C_40,Run1_C_42,Run1_C_38,0.516
1,19,13,Run1_C_30,Run1_C_31,Run1_C_18,1.1853
17,23,22,Run1_C_40,Run1_C_38,Run1_C_27,0.7686
21,9,1,Run1_C_12,Run1_C_25,Run1_C_30,1.0
6,19,8,Run1_C_36,Run1_C_31,Run1_C_13,0.3047
2,14,3,Run1_C_44,Run1_C_39,Run1_C_42,1.3393
1,0,18,Run1_C_30,Run1_C_29,Run1_C_32,0.0295
2,9,23,Run1_C_44,Run1_C_25,Run1_C_38,0.3724
14,21,7,Run1_C_39,Run1_C_12,Run1_C_14,1.0033
10,19,2,Run1_C_19,Run1_C_31,Run1_C_44,0.5338
17,5,0,Run1_C_40,Run1_C_43,Run1_C_29,0.1542
2,14,15,Run1_C_44,Run1_C_39,Run1_C_7,1.7632
22,11,20,Run1_C_27,Run1_C_45,Run1_C_22,1.3924
21,15,19,Run1_C_12,Run1_C_7,Run1_C_31,0.0627
10,4,19,Run1_C_19,Run1_C_35,Run1_C_31,0.064
6,11,23,Run1_C_36,Run1_C_45,Run1_C_38,0.9783
7,20,21,Run1_C_14,Run1_C_22,Run1_C_12,0.1437
16,20,8,Run1_C_41,Run1_C_22,Run1_C_13,1.1013
23,0,20,Run1_C_38,Run1_C_29,Run1_C_22,1.8899
3,16,19,Run1_C_42,Run1_C_41,Run1_C_31,0.5564
7,4,0,Run1_C_14,Run1_C_35,Run1_C_29,0.2552
22,4,3,Run1_C_27,Run1_C_35,Run1_C_42,0.5482
4,13,15,Run1_C_35,Run1_C_18,Run1_C_7,0.635
2,6,18,Run1_C_44,Run1_C_36,Run1_C_32,0.6019
2,11,17,Run1_C_44,Run1_C_45,Run1_C_40,2.6874
7,13,23,Run1_C_14,Run1_C_18,Run1_C_38,0.0054
10,0,5,Run1_C_19,Run1_C_29,Run1_C_43,1.2073
14,22,15,Run1_C_39,Run1_C_27,Run1_C_7,0.0416
2,14,0,Run1_C_44,Run1_C_39,Run1_C_29,0.2725
7,6,10,Run1_C_14,Run1_C_36,Run1_C_19,0.144
8,21,3,Run1_C_13,Run1_C_12,Run1_C_42,0.2534
14,0,22,Run1_C_39,Run1_C_29,Run1_C_27,1.4145
6,15,17,Run1_C_36,Run1_C_7,Run1_C_40,0.2394
15,1,23,Run1_C_7,Run1_C_30,Run1_C_38,0.2846
23,6,8,Run1_C_38,Run1_C_36,Run1_C_13,0.3047
7,15,9,Run1_C_14,Run1_C_7,Run1_C_25,0.0613
5,20,22,Run1_C_43,Run1_C_22,Run1_C_27,1.503
8,23,5,Run1_C_13,Run1_C_38,Run1_C_43,0.1048
2,8,17,Run1_C_44,Run1_C_13,Run1_C_40,0.107
17,16,5,Run1_C_40,Run1_C_41,Run1_C_43,1.5936
19,5,6,Run1_C_31,Run1_C_43,Run1_C_36,0.2672
2,11,0,Run1_C_44,Run1_C_45,Run1_C_29,2.1592
23,0,3,Run1_C_38,Run1_C_29,Run1_C_42,1.1151
2,14,19,Run1_C_44,Run1_C_39,Run1_C_31,1.2414
2,11,16,Run1_C_44,Run1_C_45,Run1_C_41,2.6697
3,0,15,Run1_C_42,Run1_C_29,Run1_C_7,0.831
2,9,17,Run1_C_44,Run1_C_25,Run1_C_40,1.3878
1,19,17,Run1_C_30,Run1_C_31,Run1_C_40,0.8217
3,10,2,Run1_C_42,Run1_C_19,Run1_C_44,0.3444
3,16,2,Run1_C_42,Run1_C_41,Run1_C_44,1.0525
2,14,16,Run1_C_44,Run1_C_39,Run1_C_41,1.6859
22,16,21,Run1_C_27,Run1_C_41,Run1_C_12,0.026
1,5,8,Run1_C_30,Run1_C_43,Run1_C_13,1.4129
8,21,13,Run1_C_13,Run1_C_12,Run1_C_18,0.3989
15,19,7,Run1_C_7,Run1_C_31,Run1_C_14,0.6925
8,0,22,Run1_C_13,Run1_C_29,Run1_C_27,0.5334
8,13,4,Run1_C_13,Run1_C_18,Run1_C_35,0.0504
17,9,22,Run1_C_40,Run1_C_25,Run1_C_27,0.3991
1,20,8,Run1_C_30,Run1_C_22,Run1_C_13,0.681
6,22,19,Run1_C_36,Run1_C_27,Run1_C_31,0.1512
1,5,11,Run1_C_30,Run1_C_43,Run1_C_45,1.9481
15,20,18,Run1_C_7,Run1_C_22,Run1_C_32,0.1619
7,15,23,Run1_C_14,Run1_C_7,Run1_C_38,0.0774
23,21,13,Run1_C_38,Run1_C_12,Run1_C_18,0.3234
0,19,22,Run1_C_29,Run1_C_31,Run1_C_27,0.9431
6,1,13,Run1_C_36,Run1_C_30,Run1_C_18,0.2279
6,22,9,Run1_C_36,Run1_C_27,Run1_C_25,0.5083
4,18,19,Run1_C_35,Run1_C_32,Run1_C_31,0.4714
7,16,11,Run1_C_14,Run1_C_41,Run1_C_45,0.0499
23,22,13,Run1_C_38,Run1_C_27,Run1_C_18,0.0031
14,9,20,Run1_C_39,Run1_C_25,Run1_C_22,1.4185
3,20,21,Run1_C_42,Run1_C_22,Run1_C_12,1.5232
13,20,11,Run1_C_18,Run1_C_22,Run1_C_45,0.6364
14,18,3,Run1_C_39,Run1_C_32,Run1_C_42,0.0831
1,13,7,Run1_C_30,Run1_C_18,Run1_C_14,0.635
8,3,15,Run1_C_13,Run1_C_42,Run1_C_7,0.86
9,0,3,Run1_C_25,Run1_C_29,Run1_C_42,1.2303
20,16,18,Run1_C_22,Run1_C_41,Run1_C_32,0.2508
21,15,3,Run1_C_12,Run1_C_7,Run1_C_42,0.3777
10,13,8,Run1_C_19,Run1_C_18,Run1_C_13,1.3522
8,21,22,Run1_C_13,Run1_C_12,Run1_C_27,1.0679
16,20,6,Run1_C_41,Run1_C_22,Run1_C_36,0.7125
17,16,8,Run1_C_40,Run1_C_41,Run1_C_13,2.5619
21,13,3,Run1_C_12,Run1_C_18,Run1_C_42,0.1806
19,13,7,Run1_C_31,Run1_C_18,Run1_C_14,1.1872
3,19,21,Run1_C_42,Run1_C_31,Run1_C_12,0.2606
14,4,2,Run1_C_39,Run1_C_35,Run1_C_44,0.1989
9,18,21,Run1_C_25,Run1_C_32,Run1_C_12,0.4133
2,23,17,Run1_C_44,Run1_C_38,Run1_C_40,0.4996
17,21,22,Run1_C_40,Run1_C_12,Run1_C_27,0.8073
8,9,5,Run1_C_13,Run1_C_25,Run1_C_43,0.1382
23,4,11,Run1_C_38,Run1_C_35,Run1_C_45,1.0832
21,9,5,Run1_C_12,Run1_C_25,Run1_C_43,0.2303
1,15,10,Run1_C_30,Run1_C_7,Run1_C_19,0.2217
10,4,22,Run1_C_19,Run1_C_35,Run1_C_27,0.5345
14,4,21,Run1_C_39,Run1_C_35,Run1_C_12,0.9428
1,0,7,Run1_C_30,Run1_C_29,Run1_C_14,0.5613
23,6,13,Run1_C_38,Run1_C_36,Run1_C_18,1.2253
8,6,4,Run1_C_13,Run1_C_36,Run1_C_35,0.0524
1,19,18,Run1_C_30,Run1_C_31,Run1_C_32,1.9117
3,1,10,Run1_C_42,Run1_C_30,Run1_C_19,0.3474
2,11,9,Run1_C_44,Run1_C_45,Run1_C_25,1.2648
11,18,1,Run1_C_45,Run1_C_32,Run1_C_30,2.0084
19,16,14,Run1_C_31,Run1_C_41,Run1_C_39,0.3981
8,11,16,Run1_C_13,Run1_C_45,Run1_C_41,0.0622
17,13,3,Run1_C_40,Run1_C_18,Run1_C_42,0.2199
3,13,9,Run1_C_42,Run1_C_18,Run1_C_25,0.4519
21,10,2,Run1_C_12,Run1_C_19,Run1_C_44,0.0633
17,9,15,Run1_C_40,Run1_C_25,Run1_C_7,0.4593
22,11,5,Run1_C_27,Run1_C_45,Run1_C_43,1.8123
23,10,15,Run1_C_38,Run1_C_19,Run1_C_7,1.0495
6,18,22,Run1_C_36,Run1_C_32,Run1_C_27,0.2508
22,18,23,Run1_C_27,Run1_C_32,Run1_C_38,0.5595
2,18,19,Run1_C_44,Run1_C_32,Run1_C_31,1.2414
19,5,14,Run1_C_31,Run1_C_43,Run1_C_39,1.0263
14,21,16,Run1_C_39,Run1_C_12,Run1_C_41,0.4978
2,18,23,Run1_C_44,Run1_C_32,Run1_C_38,0.4216
14,11,13,Run1_C_39,Run1_C_45,Run1_C_18,0.8233
14,9,3,Run1_C_39,Run1_C_25,Run1_C_42,1.4218
4,0,16,Run1_C_35,Run1_C_29,Run1_C_41,0.0559
8,9,7,Run1_C_13,Run1_C_25,Run1_C_14,0.579
16,18,0,Run1_C_41,Run1_C_32,Run1_C_29,0.372
11,18,17,Run1_C_45,Run1_C_32,Run1_C_40,1.2429
8,13,7,Run1_C_13,Run1_C_18,Run1_C_14,0.6854
5,20,4,Run1_C_43,Run1_C_22,Run1_C_35,1.1515
21,10,22,Run1_C_12,Run1_C_19,Run1_C_27,0.5334
10,4,16,Run1_C_19,Run1_C_35,Run1_C_41,0.1197
6,11,17,Run1_C_36,Run1_C_45,Run1_C_40,1.8341
17,13,8,Run1_C_40,Run1_C_18,Run1_C_13,0.8315
21,11,13,Run1_C_12,Run1_C_45,Run1_C_18,0.2279
7,16,9,Run1_C_14,Run1_C_41,Run1_C_25,0.64
14,21,20,Run1_C_39,Run1_C_12,Run1_C_22,0.544
9,11,10,Run1_C_25,Run1_C_45,Run1_C_19,0.6313
14,21,1,Run1_C_39,Run1_C_12,Run1_C_30,0.9419
23,11,17,Run1_C_38,Run1_C_45,Run1_C_40,0.0369
6,9,3,Run1_C_36,Run1_C_25,Run1_C_42,0.8482
23,11,5,Run1_C_38,Run1_C_45,Run1_C_43,0.4402
14,21,17,Run1_C_39,Run1_C_12,Run1_C_40,0.1358
8,19,18,Run1_C_13,Run1_C_31,Run1_C_32,0.0556
3,20,4,Run1_C_42,Run1_C_22,Run1_C_35,1.5232
2,6,4,Run1_C_44,Run1_C_36,Run1_C_35,1.3964
2,11,1,Run1_C_44,Run1_C_45,Run1_C_30,3.0536
3,7,14,Run1_C_42,Run1_C_14,Run1_C_39,0.5085
22,11,23,Run1_C_27,Run1_C_45,Run1_C_38,1.009
2,0,20,Run1_C_44,Run1_C_29,Run1_C_22,0.8934
19,13,18,Run1_C_31,Run1_C_18,Run1_C_32,0.7264
2,4,5,Run1_C_44,Run1_C_35,Run1_C_43,0.1217
17,14,7,Run1_C_40,Run1_C_39,Run1_C_14,0.223
4,13,11,Run1_C_35,Run1_C_18,Run1_C_45,0.1985
10,0,18,Run1_C_19,Run1_C_29,Run1_C_32,1.1025
21,11,7,Run1_C_12,Run1_C_45,Run1_C_14,0.2594
23,0,11,Run1_C_38,Run1_C_29,Run1_C_45,1.0832
2,4,19,Run1_C_44,Run1_C_35,Run1_C_31,0.4208
6,4,20,Run1_C_36,Run1_C_35,Run1_C_22,0.4485
1,5,21,Run1_C_30,Run1_C_43,Run1_C_12,1.1767
21,0,22,Run1_C_12,Run1_C_29,Run1_C_27,0.5011
2,6,1,Run1_C_44,Run1_C_36,Run1_C_30,1.4413
8,17,15,Run1_C_13,Run1_C_40,Run1_C_7,0.0273
4,0,20,Run1_C_35,Run1_C_29,Run1_C_22,0.1021
1,16,15,Run1_C_30,Run1_C_41,Run1_C_7,0.1362
17,16,9,Run1_C_40,Run1_C_41,Run1_C_25,2.156
3,10,22,Run1_C_42,Run1_C_19,Run1_C_27,0.8145
6,11,1,Run1_C_36,Run1_C_45,Run1_C_30,1.3354
17,16,3,Run1_C_40,Run1_C_41,Run1_C_42,1.155
2,6,5,Run1_C_44,Run1_C_36,Run1_C_43,1.955
17,16,19,Run1_C_40,Run1_C_41,Run1_C_31,1.0195
10,16,7,Run1_C_19,Run1_C_41,Run1_C_14,0.3113
7,16,15,Run1_C_14,Run1_C_41,Run1_C_7,0.6369
17,13,14,Run1_C_40,Run1_C_18,Run1_C_39,0.7359
4,18,0,Run1_C_35,Run1_C_32,Run1_C_29,0.4419
3,20,2,Run1_C_42,Run1_C_22,Run1_C_44,1.5746
3,20,17,Run1_C_42,Run1_C_22,Run1_C_40,0.2545
23,4,21,Run1_C_38,Run1_C_35,Run1_C_12,0.9428
13,16,6,Run1_C_18,Run1_C_41,Run1_C_36,0.7202
7,22,20,Run1_C_14,Run1_C_27,Run1_C_22,0.2857
17,10,8,Run1_C_40,Run1_C_19,Run1_C_13,1.7275
4,5,9,Run1_C_35,Run1_C_43,Run1_C_25,0.2697
7,18,5,Run1_C_14,Run1_C_32,Run1_C_43,0.3217
8,6,13,Run1_C_13,Run1_C_36,Run1_C_18,0.2298
2,9,1,Run1_C_44,Run1_C_25,Run1_C_30,1.7857
3,20,8,Run1_C_42,Run1_C_22,Run1_C_13,1.1067
23,0,17,Run1_C_38,Run1_C_29,Run1_C_40,1.0786
1,19,9,Run1_C_30,Run1_C_31,Run1_C_25,1.8856
7,18,21,Run1_C_14,Run1_C_32,Run1_C_12,0.9917
3,19,7,Run1_C_42,Run1_C_31,Run1_C_14,0.2311
17,5,23,Run1_C_40,Run1_C_43,Run1_C_38,0.1957
17,19,4,Run1_C_40,Run1_C_31,Run1_C_35,0.7282
8,1,14,Run1_C_13,Run1_C_30,Run1_C_39,0.0334
15,13,14,Run1_C_7,Run1_C_18,Run1_C_39,0.0054
14,9,7,Run1_C_39,Run1_C_25,Run1_C_14,1.4747
19,5,10,Run1_C_31,Run1_C_43,Run1_C_19,0.4668
21,11,0,Run1_C_12,Run1_C_45,Run1_C_29,0.3465
8,16,15,Run1_C_13,Run1_C_41,Run1_C_7,0.0376
1,19,14,Run1_C_30,Run1_C_31,Run1_C_39,1.9117
7,4,9,Run1_C_14,Run1_C_35,Run1_C_25,0.2552
1,0,11,Run1_C_30,Run1_C_29,Run1_C_45,0.08
1,16,18,Run1_C_30,Run1_C_41,Run1_C_32,0.0487
6,4,3,Run1_C_36,Run1_C_35,Run1_C_42,0.8482
2,11,8,Run1_C_44,Run1_C_45,Run1_C_13,2.5804
21,5,0,Run1_C_12,Run1_C_43,Run1_C_29,0.2697
23,22,15,Run1_C_38,Run1_C_27,Run1_C_7,0.0416
2,6,17,Run1_C_44,Run1_C_36,Run1_C_40,1.9247
8,23,7,Run1_C_13,Run1_C_38,Run1_C_14,0.5455
11,18,0,Run1_C_45,Run1_C_32,Run1_C_29,1.537
4,18,20,Run1_C_35,Run1_C_32,Run1_C_22,0.544
2,4,16,Run1_C_44,Run1_C_35,Run1_C_41,0.8913
17,13,15,Run1_C_40,Run1_C_18,Run1_C_7,1.5169
1,19,8,Run1_C_30,Run1_C_31,Run1_C_13,1.8227
8,13,0,Run1_C_13,Run1_C_18,Run1_C_29,0.1356
17,5,8,Run1_C_40,Run1_C_43,Run1_C_13,0.5652
10,16,11,Run1_C_19,Run1_C_41,Run1_C_45,0.5674
3,0,7,Run1_C_42,Run1_C_29,Run1_C_14,0.2697
14,18,1,Run1_C_39,Run1_C_32,Run1_C_30,0.4453
14,0,5,Run1_C_39,Run1_C_29,Run1_C_43,1.0359
9,0,19,Run1_C_25,Run1_C_29,Run1_C_31,1.0581
19,13,20,Run1_C_31,Run1_C_18,Run1_C_22,0.1867
8,4,15,Run1_C_13,Run1_C_35,Run1_C_7,0.0444
17,16,2,Run1_C_40,Run1_C_41,Run1_C_44,2.1909
7,5,22,Run1_C_14,Run1_C_43,Run1_C_27,0.3132
6,22,17,Run1_C_36,Run1_C_27,Run1_C_40,1.007
15,19,22,Run1_C_7,Run1_C_31,Run1_C_27,0.6964
9,18,22,Run1_C_25,Run1_C_32,Run1_C_27,0.4094
9,10,16,Run1_C_25,Run1_C_19,Run1_C_41,0.1197
3,16,0,Run1_C_42,Run1_C_41,Run1_C_29,0.6293
23,11,20,Run1_C_38,Run1_C_45,Run1_C_22,0.4538
14,19,22,Run1_C_39,Run1_C_31,Run1_C_27,0.4484
14,11,3,Run1_C_39,Run1_C_45,Run1_C_42,0.4688
2,22,20,Run1_C_44,Run1_C_27,Run1_C_22,0.53
2,9,21,Run1_C_44,Run1_C_25,Run1_C_12,0.7857
3,7,23,Run1_C_42,Run1_C_14,Run1_C_38,0.1387
8,3,7,Run1_C_13,Run1_C_42,Run1_C_14,0.3145
8,23,18,Run1_C_13,Run1_C_38,Run1_C_32,0.0556
14,11,1,Run1_C_39,Run1_C_45,Run1_C_30,0.8024
2,11,6,Run1_C_44,Run1_C_45,Run1_C_36,0.7628
14,10,11,Run1_C_39,Run1_C_19,Run1_C_45,0.2024
1,20,0,Run1_C_30,Run1_C_22,Run1_C_29,0.7144
10,1,18,Run1_C_19,Run1_C_30,Run1_C_32,0.0334
9,6,5,Run1_C_25,Run1_C_36,Run1_C_43,0.5137
8,3,19,Run1_C_13,Run1_C_42,Run1_C_31,0.0834
7,4,15,Run1_C_14,Run1_C_35,Run1_C_7,0.7552
0,11,20,Run1_C_29,Run1_C_45,Run1_C_22,0.0724
21,11,19,Run1_C_12,Run1_C_45,Run1_C_31,0.3759
9,10,6,Run1_C_25,Run1_C_19,Run1_C_36,0.2215
14,4,8,Run1_C_39,Run1_C_35,Run1_C_13,1.3848
11,18,8,Run1_C_45,Run1_C_32,Run1_C_13,1.5645
3,1,15,Run1_C_42,Run1_C_30,Run1_C_7,0.4067
5,13,11,Run1_C_43,Run1_C_18,Run1_C_45,0.4397
19,20,21,Run1_C_31,Run1_C_22,Run1_C_12,0.2941
1,16,2,Run1_C_30,Run1_C_41,Run1_C_44,0.8913
22,20,0,Run1_C_27,Run1_C_22,Run1_C_29,0.4193
7,22,16,Run1_C_14,Run1_C_27,Run1_C_41,0.1904
21,9,3,Run1_C_12,Run1_C_25,Run1_C_42,0.6226
8,0,5,Run1_C_13,Run1_C_29,Run1_C_43,0.1382
20,16,2,Run1_C_22,Run1_C_41,Run1_C_44,1.0934
14,10,21,Run1_C_39,Run1_C_19,Run1_C_12,0.062
2,23,20,Run1_C_44,Run1_C_38,Run1_C_22,1.2663
23,9,10,Run1_C_38,Run1_C_25,Run1_C_19,0.3454
17,5,6,Run1_C_40,Run1_C_43,Run1_C_36,0.6127
7,22,19,Run1_C_14,Run1_C_27,Run1_C_31,0.8313
2,23,10,Run1_C_44,Run1_C_38,Run1_C_19,0.2603
2,22,0,Run1_C_44,Run1_C_27,Run1_C_29,0.0569
6,19,15,Run1_C_36,Run1_C_31,Run1_C_7,0.5111
5,20,10,Run1_C_43,Run1_C_22,Run1_C_19,1.0665
17,16,4,Run1_C_40,Run1_C_41,Run1_C_35,1.7478
14,6,3,Run1_C_39,Run1_C_36,Run1_C_42,1.2053
5,20,7,Run1_C_43,Run1_C_22,Run1_C_14,0.7806
1,16,8,Run1_C_30,Run1_C_41,Run1_C_13,0.3579
10,0,21,Run1_C_19,Run1_C_29,Run1_C_12,1.069
23,6,15,Run1_C_38,Run1_C_36,Run1_C_7,0.6165
3,0,22,Run1_C_42,Run1_C_29,Run1_C_27,0.7708
15,5,8,Run1_C_7,Run1_C_43,Run1_C_13,0.1048
3,20,11,Run1_C_42,Run1_C_22,Run1_C_45,1.5735
8,6,16,Run1_C_13,Run1_C_36,Run1_C_41,0.518
7,15,10,Run1_C_14,Run1_C_7,Run1_C_19,0.0455
10,19,16,Run1_C_19,Run1_C_31,Run1_C_41,0.0557
2,23,21,Run1_C_44,Run1_C_38,Run1_C_12,0.3223
11,0,15,Run1_C_45,Run1_C_29,Run1_C_7,0.4814
7,18,16,Run1_C_14,Run1_C_32,Run1_C_41,0.6197
7,22,8,Run1_C_14,Run1_C_27,Run1_C_13,0.8273
10,13,17,Run1_C_19,Run1_C_18,Run1_C_40,0.2938
22,10,15,Run1_C_27,Run1_C_19,Run1_C_7,0.0455
14,4,3,Run1_C_39,Run1_C_35,Run1_C_42,1.8932
17,23,1,Run1_C_40,Run1_C_38,Run1_C_30,0.2941
17,13,11,Run1_C_40,Run1_C_18,Run1_C_45,1.1528
8,21,10,Run1_C_13,Run1_C_12,Run1_C_19,0.5345
8,21,16,Run1_C_13,Run1_C_12,Run1_C_41,0.6238
3,20,16,Run1_C_42,Run1_C_22,Run1_C_41,0.5222
14,6,15,Run1_C_39,Run1_C_36,Run1_C_7,0.6165
19,13,2,Run1_C_31,Run1_C_18,Run1_C_44,0.7499
6,22,15,Run1_C_36,Run1_C_27,Run1_C_7,0.7677
8,19,7,Run1_C_13,Run1_C_31,Run1_C_14,0.5455
15,20,14,Run1_C_7,Run1_C_22,Run1_C_39,0.5468
14,9,8,Run1_C_39,Run1_C_25,Run1_C_13,0.8799
9,4,16,Run1_C_25,Run1_C_35,Run1_C_41,0.5031
10,4,8,Run1_C_19,Run1_C_35,Run1_C_13,1.0679
1,19,16,Run1_C_30,Run1_C_31,Run1_C_41,1.4648
8,1,23,Run1_C_13,Run1_C_30,Run1_C_38,0.0334
6,18,16,Run1_C_36,Run1_C_32,Run1_C_41,0.763
17,19,23,Run1_C_40,Run1_C_31,Run1_C_38,0.6455
19,16,11,Run1_C_31,Run1_C_41,Run1_C_45,0.4431
10,16,6,Run1_C_19,Run1_C_41,Run1_C_36,0.5052
1,13,9,Run1_C_30,Run1_C_18,Run1_C_25,0.6186
17,19,0,Run1_C_40,Run1_C_31,Run1_C_29,0.5925
22,11,8,Run1_C_27,Run1_C_45,Run1_C_13,1.3675
8,1,7,Run1_C_13,Run1_C_30,Run1_C_14,0.579
2,22,5,Run1_C_44,Run1_C_27,Run1_C_43,0.9525
17,0,8,Run1_C_40,Run1_C_29,Run1_C_13,0.2728
19,16,8,Run1_C_31,Run1_C_41,Run1_C_13,0.3426
17,10,2,Run1_C_40,Run1_C_19,Run1_C_44,1.2574
17,3,1,Run1_C_40,Run1_C_42,Run1_C_30,0.1187
6,0,15,Run1_C_36,Run1_C_29,Run1_C_7,0.2594
7,18,0,Run1_C_14,Run1_C_32,Run1_C_29,0.9917
5,20,2,Run1_C_43,Run1_C_22,Run1_C_44,1.9232
19,20,8,Run1_C_31,Run1_C_22,Run1_C_13,0.2646
22,18,15,Run1_C_27,Run1_C_32,Run1_C_7,1.0495
2,9,4,Run1_C_44,Run1_C_25,Run1_C_35,0.8944
2,0,17,Run1_C_44,Run1_C_29,Run1_C_40,0.0851
14,1,22,Run1_C_39,Run1_C_30,Run1_C_27,0.0002
2,1,7,Run1_C_44,Run1_C_30,Run1_C_14,0.0582
19,13,15,Run1_C_31,Run1_C_18,Run1_C_7,0.4784
2,0,13,Run1_C_44,Run1_C_29,Run1_C_18,0.9052
7,16,14,Run1_C_14,Run1_C_41,Run1_C_39,0.6376
2,23,13,Run1_C_44,Run1_C_38,Run1_C_18,1.286
14,4,5,Run1_C_39,Run1_C_35,Run1_C_43,1.1151
7,5,23,Run1_C_14,Run1_C_43,Run1_C_38,0.7792
21,9,22,Run1_C_12,Run1_C_25,Run1_C_27,1.0011
19,13,21,Run1_C_31,Run1_C_18,Run1_C_12,0.5522
15,1,0,Run1_C_7,Run1_C_30,Run1_C_29,0.2552
22,4,9,Run1_C_27,Run1_C_35,Run1_C_25,0.0334
0,19,8,Run1_C_29,Run1_C_31,Run1_C_13,0.4085
2,18,16,Run1_C_44,Run1_C_32,Run1_C_41,0.8433
23,0,8,Run1_C_38,Run1_C_29,Run1_C_13,1.3513
6,11,22,Run1_C_36,Run1_C_45,Run1_C_27,0.3713
14,11,8,Run1_C_39,Run1_C_45,Run1_C_13,0.3015
14,18,5,Run1_C_39,Run1_C_32,Run1_C_43,0.0831
17,10,15,Run1_C_40,Run1_C_19,Run1_C_7,1.773
2,9,22,Run1_C_44,Run1_C_25,Run1_C_27,0.8375
9,11,21,Run1_C_25,Run1_C_45,Run1_C_12,0.6993
14,0,7,Run1_C_39,Run1_C_29,Run1_C_14,1.4747
5,13,9,Run1_C_43,Run1_C_18,Run1_C_25,0.4519
8,23,15,Run1_C_13,Run1_C_38,Run1_C_7,0.5455
21,15,16,Run1_C_12,Run1_C_7,Run1_C_41,0.3111
10,0,16,Run1_C_19,Run1_C_29,Run1_C_41,0.6542
6,9,20,Run1_C_36,Run1_C_25,Run1_C_22,0.4988
11,18,10,Run1_C_45,Run1_C_32,Run1_C_19,1.5076
23,0,15,Run1_C_38,Run1_C_29,Run1_C_7,1.9461
17,10,18,Run1_C_40,Run1_C_19,Run1_C_32,0.9629
8,9,22,Run1_C_13,Run1_C_25,Run1_C_27,0.5334
0,13,7,Run1_C_29,Run1_C_18,Run1_C_14,0.0025
1,19,10,Run1_C_30,Run1_C_31,Run1_C_19,1.3522
20,13,2,Run1_C_22,Run1_C_18,Run1_C_44,0.9862
23,4,3,Run1_C_38,Run1_C_35,Run1_C_42,1.5234
3,20,22,Run1_C_42,Run1_C_22,Run1_C_27,1.503
1,5,17,Run1_C_30,Run1_C_43,Run1_C_40,0.986
21,5,2,Run1_C_12,Run1_C_43,Run1_C_44,0.3256
11,18,15,Run1_C_45,Run1_C_32,Run1_C_7,2.0849
17,19,14,Run1_C_40,Run1_C_31,Run1_C_39,0.7698
17,14,15,Run1_C_40,Run1_C_39,Run1_C_7,0.842
2,18,17,Run1_C_44,Run1_C_32,Run1_C_40,0.9212
10,20,8,Run1_C_19,Run1_C_22,Run1_C_13,0.8546
23,16,15,Run1_C_38,Run1_C_41,Run1_C_7,0.0767
14,23,16,Run1_C_39,Run1_C_38,Run1_C_41,3.1118
16,20,14,Run1_C_41,Run1_C_22,Run1_C_39,1.0941
2,11,3,Run1_C_44,Run1_C_45,Run1_C_42,2.704
23,4,15,Run1_C_38,Run1_C_35,Run1_C_7,1.9461
23,21,1,Run1_C_38,Run1_C_12,Run1_C_30,0.4714
6,11,20,Run1_C_36,Run1_C_45,Run1_C_22,1.8341
17,5,15,Run1_C_40,Run1_C_43,Run1_C_7,0.4604
9,6,17,Run1_C_25,Run1_C_36,Run1_C_40,0.4485
0,19,21,Run1_C_29,Run1_C_31,Run1_C_12,0.4419
1,20,21,Run1_C_30,Run1_C_22,Run1_C_12,0.8165
6,11,18,Run1_C_36,Run1_C_45,Run1_C_32,0.1743
2,11,21,Run1_C_44,Run1_C_45,Run1_C_12,2.2041
7,4,11,Run1_C_14,Run1_C_35,Run1_C_45,0.1681
7,5,21,Run1_C_14,Run1_C_43,Run1_C_12,0.3709
14,10,5,Run1_C_39,Run1_C_19,Run1_C_43,0.6088
6,19,20,Run1_C_36,Run1_C_31,Run1_C_22,0.4389
9,19,22,Run1_C_25,Run1_C_31,Run1_C_27,0.4717
14,4,17,Run1_C_39,Run1_C_35,Run1_C_40,1.0786
8,13,11,Run1_C_13,Run1_C_18,Run1_C_45,0.226
1,16,14,Run1_C_30,Run1_C_41,Run1_C_39,0.892
10,20,6,Run1_C_19,Run1_C_22,Run1_C_36,0.4116
7,5,13,Run1_C_14,Run1_C_43,Run1_C_18,0.7025
19,5,9,Run1_C_31,Run1_C_43,Run1_C_25,1.0002
5,16,2,Run1_C_43,Run1_C_41,Run1_C_44,0.6973
1,5,13,Run1_C_30,Run1_C_43,Run1_C_18,1.3278
2,9,14,Run1_C_44,Run1_C_25,Run1_C_39,0.0999
23,6,21,Run1_C_38,Run1_C_36,Run1_C_12,0.2616
17,10,4,Run1_C_40,Run1_C_19,Run1_C_35,0.6595
8,6,1,Run1_C_13,Run1_C_36,Run1_C_30,0.0524
22,16,23,Run1_C_27,Run1_C_41,Run1_C_38,0.4708
23,19,7,Run1_C_38,Run1_C_31,Run1_C_14,0.9662
2,18,22,Run1_C_44,Run1_C_32,Run1_C_27,0.6819
22,11,7,Run1_C_27,Run1_C_45,Run1_C_14,0.9832
23,1,18,Run1_C_38,Run1_C_30,Run1_C_32,0.0261
10,13,4,Run1_C_19,Run1_C_18,Run1_C_35,0.9533
21,9,16,Run1_C_12,Run1_C_25,Run1_C_41,0.5559
10,13,14,Run1_C_19,Run1_C_18,Run1_C_39,1.0173
2,3,15,Run1_C_44,Run1_C_42,Run1_C_7,0.4399
1,5,22,Run1_C_30,Run1_C_43,Run1_C_27,1.9475
6,22,16,Run1_C_36,Run1_C_27,Run1_C_41,0.8846
16,20,7,Run1_C_41,Run1_C_22,Run1_C_14,0.4564
9,10,7,Run1_C_25,Run1_C_19,Run1_C_14,1.1135
23,10,5,Run1_C_38,Run1_C_19,Run1_C_43,0.6088
3,20,7,Run1_C_42,Run1_C_22,Run1_C_14,1.3795
9,11,17,Run1_C_25,Run1_C_45,Run1_C_40,1.3013
4,5,22,Run1_C_35,Run1_C_43,Run1_C_27,0.2363
17,13,6,Run1_C_40,Run1_C_18,Run1_C_36,1.1528
9,10,8,Run1_C_25,Run1_C_19,Run1_C_13,0.5345
23,14,6,Run1_C_38,Run1_C_39,Run1_C_36,1.9076
3,23,15,Run1_C_42,Run1_C_38,Run1_C_7,0.4387
9,1,22,Run1_C_25,Run1_C_30,Run1_C_27,0.0011
8,23,16,Run1_C_13,Run1_C_38,Run1_C_41,0.5007
23,0,18,Run1_C_38,Run1_C_29,Run1_C_32,1.4142
8,21,9,Run1_C_13,Run1_C_12,Run1_C_25,0.0679
15,5,14,Run1_C_7,Run1_C_43,Run1_C_39,0.5085
5,16,8,Run1_C_43,Run1_C_41,Run1_C_13,0.3022
9,11,19,Run1_C_25,Run1_C_45,Run1_C_31,1.2287
8,19,22,Run1_C_13,Run1_C_31,Run1_C_27,0.5
21,18,1,Run1_C_12,Run1_C_32,Run1_C_30,0.4705
17,5,18,Run1_C_40,Run1_C_43,Run1_C_32,0.1957
7,4,8,Run1_C_14,Run1_C_35,Run1_C_13,0.7563
6,22,10,Run1_C_36,Run1_C_27,Run1_C_19,0.9117
23,19,3,Run1_C_38,Run1_C_31,Run1_C_42,0.1578
6,11,19,Run1_C_36,Run1_C_45,Run1_C_31,0.9783
19,13,16,Run1_C_31,Run1_C_18,Run1_C_41,0.0698
21,1,7,Run1_C_12,Run1_C_30,Run1_C_14,0.0613
22,18,16,Run1_C_27,Run1_C_32,Run1_C_41,0.1614
5,16,22,Run1_C_43,Run1_C_41,Run1_C_27,0.2272
14,9,17,Run1_C_39,Run1_C_25,Run1_C_40,0.6487
2,22,3,Run1_C_44,Run1_C_27,Run1_C_42,0.6017
8,6,17,Run1_C_13,Run1_C_36,Run1_C_40,0.5512
17,3,14,Run1_C_40,Run1_C_42,Run1_C_39,0.516
17,5,22,Run1_C_40,Run1_C_43,Run1_C_27,0.9786
10,19,15,Run1_C_19,Run1_C_31,Run1_C_7,0.3115
8,6,7,Run1_C_13,Run1_C_36,Run1_C_14,0.3118
19,20,2,Run1_C_31,Run1_C_22,Run1_C_44,0.3437
2,21,3,Run1_C_44,Run1_C_12,Run1_C_42,0.0667
3,13,22,Run1_C_42,Run1_C_18,Run1_C_27,0.4451
8,13,23,Run1_C_13,Run1_C_18,Run1_C_38,0.169
9,18,4,Run1_C_25,Run1_C_32,Run1_C_35,0.4714
15,19,14,Run1_C_7,Run1_C_31,Run1_C_39,0.248
5,20,13,Run1_C_43,Run1_C_22,Run1_C_18,0.937
1,5,20,Run1_C_30,Run1_C_43,Run1_C_22,0.0252
23,0,2,Run1_C_38,Run1_C_29,Run1_C_44,0.6205
23,4,16,Run1_C_38,Run1_C_35,Run1_C_41,1.8854
2,14,21,Run1_C_44,Run1_C_39,Run1_C_12,0.7439
8,9,19,Run1_C_13,Run1_C_25,Run1_C_31,0.0334
6,15,13,Run1_C_36,Run1_C_7,Run1_C_18,0.6034
17,20,22,Run1_C_40,Run1_C_22,Run1_C_27,1.2485
2,11,7,Run1_C_44,Run1_C_45,Run1_C_14,2.4635
23,4,7,Run1_C_38,Run1_C_35,Run1_C_14,1.1296
9,22,13,Run1_C_25,Run1_C_27,Run1_C_18,0.006
17,20,9,Run1_C_40,Run1_C_22,Run1_C_25,1.2687
10,13,19,Run1_C_19,Run1_C_18,Run1_C_31,0.8505
17,20,15,Run1_C_40,Run1_C_22,Run1_C_7,1.125
8,5,22,Run1_C_13,Run1_C_43,Run1_C_27,0.3952
18,20,8,Run1_C_32,Run1_C_22,Run1_C_13,0.3837
22,18,21,Run1_C_27,Run1_C_32,Run1_C_12,0.5334
7,22,9,Run1_C_14,Run1_C_27,Run1_C_25,0.8284
0,18,20,Run1_C_29,Run1_C_32,Run1_C_22,0.0908
23,4,19,Run1_C_38,Run1_C_35,Run1_C_31,0.9959
7,6,21,Run1_C_14,Run1_C_36,Run1_C_12,0.167
15,19,9,Run1_C_7,Run1_C_31,Run1_C_25,0.2219
14,22,5,Run1_C_39,Run1_C_27,Run1_C_43,0.0045
23,14,22,Run1_C_38,Run1_C_39,Run1_C_27,3.1151
3,5,15,Run1_C_42,Run1_C_43,Run1_C_7,1.3462
7,5,10,Run1_C_14,Run1_C_43,Run1_C_19,0.7453
8,0,16,Run1_C_13,Run1_C_29,Run1_C_41,0.0893
1,20,14,Run1_C_30,Run1_C_22,Run1_C_39,1.2153
14,6,13,Run1_C_39,Run1_C_36,Run1_C_18,1.2253
8,3,2,Run1_C_13,Run1_C_42,Run1_C_44,0.3444
17,19,2,Run1_C_40,Run1_C_31,Run1_C_44,1.1135
23,9,15,Run1_C_38,Run1_C_25,Run1_C_7,1.4747
3,5,18,Run1_C_42,Run1_C_43,Run1_C_32,1.4848
22,0,13,Run1_C_27,Run1_C_29,Run1_C_18,0.006
9,0,5,Run1_C_25,Run1_C_29,Run1_C_43,1.6226
17,10,9,Run1_C_40,Run1_C_19,Run1_C_25,0.6595
0,16,15,Run1_C_29,Run1_C_41,Run1_C_7,0.5054
3,19,22,Run1_C_42,Run1_C_31,Run1_C_27,0.7351
10,1,2,Run1_C_19,Run1_C_30,Run1_C_44,0.0633
17,14,1,Run1_C_40,Run1_C_39,Run1_C_30,0.3667
10,4,21,Run1_C_19,Run1_C_35,Run1_C_12,0.5345
8,1,18,Run1_C_13,Run1_C_30,Run1_C_32,0.5343
0,19,7,Run1_C_29,Run1_C_31,Run1_C_14,1.0033
6,22,21,Run1_C_36,Run1_C_27,Run1_C_12,0.9347
2,0,16,Run1_C_44,Run1_C_29,Run1_C_41,0.4472
8,0,11,Run1_C_13,Run1_C_29,Run1_C_45,0.0904
1,20,23,Run1_C_30,Run1_C_22,Run1_C_38,0.7439
10,4,15,Run1_C_19,Run1_C_35,Run1_C_7,1.1135
3,13,23,Run1_C_42,Run1_C_18,Run1_C_38,0.0767
15,5,23,Run1_C_7,Run1_C_43,Run1_C_38,0.1387
17,3,4,Run1_C_40,Run1_C_42,Run1_C_35,0.4744
17,23,15,Run1_C_40,Run1_C_38,Run1_C_7,0.842
22,18,14,Run1_C_27,Run1_C_32,Run1_C_39,0.5595
0,18,15,Run1_C_29,Run1_C_32,Run1_C_7,0.5319
3,22,15,Run1_C_42,Run1_C_27,Run1_C_7,0.0214
18,16,15,Run1_C_32,Run1_C_41,Run1_C_7,0.9199
0,19,15,Run1_C_29,Run1_C_31,Run1_C_7,0.2495
14,21,22,Run1_C_39,Run1_C_12,Run1_C_27,0.9431
2,6,0,Run1_C_44,Run1_C_36,Run1_C_29,1.3964
3,16,7,Run1_C_42,Run1_C_41,Run1_C_14,0.7621
4,16,15,Run1_C_35,Run1_C_41,Run1_C_7,0.0582
22,18,8,Run1_C_27,Run1_C_32,Run1_C_13,1.004
7,16,23,Run1_C_14,Run1_C_41,Run1_C_38,0.6376
7,11,15,Run1_C_14,Run1_C_45,Run1_C_7,0.587
22,18,19,Run1_C_27,Run1_C_32,Run1_C_31,0.5595
8,23,20,Run1_C_13,Run1_C_38,Run1_C_22,0.5052
9,22,15,Run1_C_25,Run1_C_27,Run1_C_7,0.0444
17,1,11,Run1_C_40,Run1_C_30,Run1_C_45,0.0503
2,6,8,Run1_C_44,Run1_C_36,Run1_C_13,1.3889
3,1,21,Run1_C_42,Run1_C_30,Run1_C_12,0.7845
2,18,7,Run1_C_44,Run1_C_32,Run1_C_14,0.2236
1,19,11,Run1_C_30,Run1_C_31,Run1_C_45,1.9567
8,6,10,Run1_C_13,Run1_C_36,Run1_C_19,0.4558
9,22,5,Run1_C_25,Run1_C_27,Run1_C_43,0.0137
7,16,0,Run1_C_14,Run1_C_41,Run1_C_29,0.1928
15,1,13,Run1_C_7,Run1_C_30,Run1_C_18,0.1366
17,16,23,Run1_C_40,Run1_C_41,Run1_C_38,1.7893
10,16,8,Run1_C_19,Run1_C_41,Run1_C_13,0.9482
6,0,17,Run1_C_36,Run1_C_29,Run1_C_40,0.0403
17,13,4,Run1_C_40,Run1_C_18,Run1_C_35,0.6943
15,19,8,Run1_C_7,Run1_C_31,Run1_C_13,0.1925
7,22,15,Run1_C_14,Run1_C_27,Run1_C_7,0.8273
17,18,1,Run1_C_40,Run1_C_32,Run1_C_30,0.3667
23,6,17,Run1_C_38,Run1_C_36,Run1_C_40,0.4389
10,0,19,Run1_C_19,Run1_C_29,Run1_C_31,0.5985
9,11,15,Run1_C_25,Run1_C_45,Run1_C_7,1.7606
17,2,15,Run1_C_40,Run1_C_44,Run1_C_7,0.4564
17,13,22,Run1_C_40,Run1_C_18,Run1_C_27,1.5076
10,20,21,Run1_C_19,Run1_C_22,Run1_C_12,0.3212
0,19,18,Run1_C_29,Run1_C_31,Run1_C_32,0.4714
17,0,15,Run1_C_40,Run1_C_29,Run1_C_7,0.8675
10,4,11,Run1_C_19,Run1_C_35,Run1_C_45,0.6479
6,0,5,Run1_C_36,Run1_C_29,Run1_C_43,0.469
0,19,4,Run1_C_29,Run1_C_31,Run1_C_35,0.4419
21,11,20,Run1_C_12,Run1_C_45,Run1_C_22,0.4485
0,19,16,Run1_C_29,Run1_C_31,Run1_C_41,0.0994
14,23,2,Run1_C_39,Run1_C_38,Run1_C_44,1.4253
14,0,6,Run1_C_39,Run1_C_29,Run1_C_36,0.2098
9,11,13,Run1_C_25,Run1_C_45,Run1_C_18,1.7131
2,23,15,Run1_C_44,Run1_C_38,Run1_C_7,1.3416
23,9,22,Run1_C_38,Run1_C_25,Run1_C_27,1.4145
23,10,7,Run1_C_38,Run1_C_19,Run1_C_14,1.0495
15,13,23,Run1_C_7,Run1_C_18,Run1_C_38,0.0054
8,13,22,Run1_C_13,Run1_C_18,Run1_C_27,0.669
10,13,20,Run1_C_19,Run1_C_18,Run1_C_22,1.0372
23,0,5,Run1_C_38,Run1_C_29,Run1_C_43,1.5073
9,11,8,Run1_C_25,Run1_C_45,Run1_C_13,1.1658
21,10,6,Run1_C_12,Run1_C_19,Run1_C_36,0.0904
8,13,15,Run1_C_13,Run1_C_18,Run1_C_7,0.6854
3,10,18,Run1_C_42,Run1_C_19,Run1_C_32,0.3145
3,0,4,Run1_C_42,Run1_C_29,Run1_C_35,0.2697
19,5,8,Run1_C_31,Run1_C_43,Run1_C_13,0.9707
3,1,4,Run1_C_42,Run1_C_30,Run1_C_35,0.6619
6,15,20,Run1_C_36,Run1_C_7,Run1_C_22,0.0454
14,23,4,Run1_C_39,Run1_C_38,Run1_C_35,1.2264
15,5,22,Run1_C_7,Run1_C_43,Run1_C_27,0.5241
8,0,4,Run1_C_13,Run1_C_29,Run1_C_35,0.0334
3,1,14,Run1_C_42,Run1_C_30,Run1_C_39,1.1628
22,11,17,Run1_C_27,Run1_C_45,Run1_C_40,1.4629
17,3,2,Run1_C_40,Run1_C_42,Run1_C_44,0.9176
3,20,1,Run1_C_42,Run1_C_22,Run1_C_30,0.7067
6,10,5,Run1_C_36,Run1_C_19,Run1_C_43,0.0478
3,16,1,Run1_C_42,Run1_C_41,Run1_C_30,0.2371
1,5,23,Run1_C_30,Run1_C_43,Run1_C_38,1.4758
23,4,1,Run1_C_38,Run1_C_35,Run1_C_30,1.3848
21,18,20,Run1_C_12,Run1_C_32,Run1_C_22,0.0726
14,6,5,Run1_C_39,Run1_C_36,Run1_C_43,0.8708
6,11,13,Run1_C_36,Run1_C_45,Run1_C_18,2.2212
17,16,14,Run1_C_40,Run1_C_41,Run1_C_39,1.7893
2,4,15,Run1_C_44,Run1_C_35,Run1_C_7,0.9527
21,15,13,Run1_C_12,Run1_C_7,Run1_C_18,0.1366
14,6,16,Run1_C_39,Run1_C_36,Run1_C_41,0.8227
9,0,8,Run1_C_25,Run1_C_29,Run1_C_13,1.4666
22,18,17,Run1_C_27,Run1_C_32,Run1_C_40,0.2393
8,2,15,Run1_C_13,Run1_C_44,Run1_C_7,0.5157
17,3,18,Run1_C_40,Run1_C_42,Run1_C_32,0.516
20,13,4,Run1_C_22,Run1_C_18,Run1_C_35,0.3655
10,13,0,Run1_C_19,Run1_C_18,Run1_C_29,0.4188
2,18,1,Run1_C_44,Run1_C_32,Run1_C_30,1.6867
2,0,21,Run1_C_44,Run1_C_29,Run1_C_12,0.3913
10,1,22,Run1_C_19,Run1_C_30,Run1_C_27,0.5334
6,19,21,Run1_C_36,Run1_C_31,Run1_C_12,0.733
17,3,15,Run1_C_40,Run1_C_42,Run1_C_7,1.4056
7,11,0,Run1_C_14,Run1_C_45,Run1_C_29,0.167
3,14,15,Run1_C_42,Run1_C_39,Run1_C_7,0.0689
15,19,11,Run1_C_7,Run1_C_31,Run1_C_45,0.293
10,19,21,Run1_C_19,Run1_C_31,Run1_C_12,0.4705
19,20,14,Run1_C_31,Run1_C_22,Run1_C_39,0.3202
23,14,10,Run1_C_38,Run1_C_39,Run1_C_19,2.1072
7,11,10,Run1_C_14,Run1_C_45,Run1_C_19,0.5999
21,13,18,Run1_C_12,Run1_C_18,Run1_C_32,0.148
15,20,23,Run1_C_7,Run1_C_22,Run1_C_38,0.5468
14,0,16,Run1_C_39,Run1_C_29,Run1_C_41,0.9692
3,7,13,Run1_C_42,Run1_C_14,Run1_C_18,0.062
21,0,7,Run1_C_12,Run1_C_29,Run1_C_14,0.5613
2,22,7,Run1_C_44,Run1_C_27,Run1_C_14,0.1209
21,9,7,Run1_C_12,Run1_C_25,Run1_C_14,1.0613
17,16,13,Run1_C_40,Run1_C_41,Run1_C_18,1.0534
6,18,0,Run1_C_36,Run1_C_32,Run1_C_29,0.7591
2,11,14,Run1_C_44,Run1_C_45,Run1_C_39,1.3647
2,22,8,Run1_C_44,Run1_C_27,Run1_C_13,0.4781
19,5,0,Run1_C_31,Run1_C_43,Run1_C_29,0.5288
6,22,20,Run1_C_36,Run1_C_27,Run1_C_22,0.9365
10,19,3,Run1_C_19,Run1_C_31,Run1_C_42,0.1895
23,21,19,Run1_C_38,Run1_C_12,Run1_C_31,0.0531
21,9,13,Run1_C_12,Run1_C_25,Run1_C_18,0.3814
6,22,8,Run1_C_36,Run1_C_27,Run1_C_13,0.4558
23,4,20,Run1_C_38,Run1_C_35,Run1_C_22,1.4868
14,22,13,Run1_C_39,Run1_C_27,Run1_C_18,0.0031
23,6,20,Run1_C_38,Run1_C_36,Run1_C_22,0.8558
7,6,3,Run1_C_14,Run1_C_36,Run1_C_42,0.087
4,5,16,Run1_C_35,Run1_C_43,Run1_C_41,0.0723
8,13,2,Run1_C_13,Run1_C_18,Run1_C_44,0.1989
1,13,23,Run1_C_30,Run1_C_18,Run1_C_38,0.148
21,11,16,Run1_C_12,Run1_C_45,Run1_C_41,0.4024
7,18,19,Run1_C_14,Run1_C_32,Run1_C_31,1.0178
21,4,3,Run1_C_12,Run1_C_35,Run1_C_42,0.1226
10,19,22,Run1_C_19,Run1_C_31,Run1_C_27,1.004
2,18,21,Run1_C_44,Run1_C_32,Run1_C_12,1.2153
17,3,21,Run1_C_40,Run1_C_42,Run1_C_12,0.4744
17,4,1,Run1_C_40,Run1_C_35,Run1_C_30,0.3062
23,10,21,Run1_C_38,Run1_C_19,Run1_C_12,0.062
14,22,3,Run1_C_39,Run1_C_27,Run1_C_42,0.0045
4,11,15,Run1_C_35,Run1_C_45,Run1_C_7,0.4814
10,13,22,Run1_C_19,Run1_C_18,Run1_C_27,2.0213
22,11,15,Run1_C_27,Run1_C_45,Run1_C_7,1.8561
7,11,17,Run1_C_14,Run1_C_45,Run1_C_40,0.0454
7,15,13,Run1_C_14,Run1_C_7,Run1_C_18,0.0164
11,18,9,Run1_C_45,Run1_C_32,Run1_C_25,0.3083
3,1,7,Run1_C_42,Run1_C_30,Run1_C_14,0.6619
22,4,21,Run1_C_27,Run1_C_35,Run1_C_12,0.0334
2,6,20,Run1_C_44,Run1_C_36,Run1_C_22,1.9401
17,19,6,Run1_C_40,Run1_C_31,Run1_C_36,0.3309
1,19,3,Run1_C_30,Run1_C_31,Run1_C_42,1.1943
3,16,11,Run1_C_42,Run1_C_41,Run1_C_45,1.0182
2,4,21,Run1_C_44,Run1_C_35,Run1_C_12,0.3913
8,6,20,Run1_C_13,Run1_C_36,Run1_C_22,0.5512
23,0,16,Run1_C_38,Run1_C_29,Run1_C_41,1.4407
21,11,1,Run1_C_12,Run1_C_45,Run1_C_30,0.8465
3,13,14,Run1_C_42,Run1_C_18,Run1_C_39,0.4465
1,5,14,Run1_C_30,Run1_C_43,Run1_C_39,1.9472
14,6,7,Run1_C_39,Run1_C_36,Run1_C_14,0.6165
10,5,22,Run1_C_19,Run1_C_43,Run1_C_27,0.3952
7,11,19,Run1_C_14,Run1_C_45,Run1_C_31,0.1875
14,23,11,Run1_C_39,Run1_C_38,Run1_C_45,2.3096
21,0,20,Run1_C_12,Run1_C_29,Run1_C_22,0.1021
21,15,6,Run1_C_12,Run1_C_7,Run1_C_36,0.1681
2,9,19,Run1_C_44,Run1_C_25,Run1_C_31,1.3152
15,13,11,Run1_C_7,Run1_C_18,Run1_C_45,0.023
8,3,11,Run1_C_13,Run1_C_42,Run1_C_45,0.3715
15,13,2,Run1_C_7,Run1_C_18,Run1_C_44,0.0139
17,20,6,Run1_C_40,Run1_C_22,Run1_C_36,1.319
7,18,4,Run1_C_14,Run1_C_32,Run1_C_35,0.5203
3,5,0,Run1_C_42,Run1_C_43,Run1_C_29,1.0765
7,5,17,Run1_C_14,Run1_C_43,Run1_C_40,0.1801
1,19,20,Run1_C_30,Run1_C_31,Run1_C_22,1.1417
2,14,13,Run1_C_44,Run1_C_39,Run1_C_18,1.7076
6,18,23,Run1_C_36,Run1_C_32,Run1_C_38,0.402
17,21,6,Run1_C_40,Run1_C_12,Run1_C_36,0.3861
14,11,20,Run1_C_39,Run1_C_45,Run1_C_22,0.4538
14,10,20,Run1_C_39,Run1_C_19,Run1_C_22,0.1493
4,19,11,Run1_C_35,Run1_C_31,Run1_C_45,0.0505
21,0,16,Run1_C_12,Run1_C_29,Run1_C_41,0.0559
21,4,16,Run1_C_12,Run1_C_35,Run1_C_41,0.0559
9,0,14,Run1_C_25,Run1_C_29,Run1_C_39,0.5867
7,15,0,Run1_C_14,Run1_C_7,Run1_C_29,0.0613
1,5,18,Run1_C_30,Run1_C_43,Run1_C_32,1.585
6,19,7,Run1_C_36,Run1_C_31,Run1_C_14,0.6165
17,13,1,Run1_C_40,Run1_C_18,Run1_C_30,0.8819
1,20,18,Run1_C_30,Run1_C_22,Run1_C_32,0.8347
23,4,17,Run1_C_38,Run1_C_35,Run1_C_40,1.0786
23,18,13,Run1_C_38,Run1_C_32,Run1_C_18,0.4662
22,18,1,Run1_C_27,Run1_C_32,Run1_C_30,1.0048
21,15,22,Run1_C_12,Run1_C_7,Run1_C_27,0.7563
8,21,11,Run1_C_13,Run1_C_12,Run1_C_45,0.2215
10,18,8,Run1_C_19,Run1_C_32,Run1_C_13,0.5
14,11,16,Run1_C_39,Run1_C_45,Run1_C_41,0.4207
11,18,5,Run1_C_45,Run1_C_32,Run1_C_43,1.6462
19,16,15,Run1_C_31,Run1_C_41,Run1_C_7,0.1501
15,5,2,Run1_C_7,Run1_C_43,Run1_C_44,0.5043
3,7,2,Run1_C_42,Run1_C_14,Run1_C_44,0.1535
3,10,21,Run1_C_42,Run1_C_19,Run1_C_12,0.2811
1,15,8,Run1_C_30,Run1_C_7,Run1_C_13,0.2217
17,5,14,Run1_C_40,Run1_C_43,Run1_C_39,0.1957
8,1,22,Run1_C_13,Run1_C_30,Run1_C_27,0.5334
8,1,2,Run1_C_13,Run1_C_30,Run1_C_44,0.0633
3,20,13,Run1_C_42,Run1_C_22,Run1_C_18,0.937
23,14,9,Run1_C_38,Run1_C_39,Run1_C_25,1.6978
13,16,14,Run1_C_18,Run1_C_41,Run1_C_39,1.1017
23,10,18,Run1_C_38,Run1_C_19,Run1_C_32,0.504
2,14,10,Run1_C_44,Run1_C_39,Run1_C_19,0.6819
23,6,3,Run1_C_38,Run1_C_36,Run1_C_42,0.8422
6,1,21,Run1_C_36,Run1_C_30,Run1_C_12,0.4264
8,21,6,Run1_C_13,Run1_C_12,Run1_C_36,0.1691
14,0,1,Run1_C_39,Run1_C_29,Run1_C_30,0.9133
6,18,14,Run1_C_36,Run1_C_32,Run1_C_39,0.402
23,10,20,Run1_C_38,Run1_C_19,Run1_C_22,0.1493
3,20,23,Run1_C_42,Run1_C_22,Run1_C_38,1.5598
11,18,3,Run1_C_45,Run1_C_32,Run1_C_42,1.6462
19,5,7,Run1_C_31,Run1_C_43,Run1_C_14,0.3302
17,5,9,Run1_C_40,Run1_C_43,Run1_C_25,0.5624
2,0,3,Run1_C_44,Run1_C_29,Run1_C_42,0.1217
9,0,23,Run1_C_25,Run1_C_29,Run1_C_38,0.1152
14,11,15,Run1_C_39,Run1_C_45,Run1_C_7,0.8789
1,19,4,Run1_C_30,Run1_C_31,Run1_C_35,1.8562
23,14,13,Run1_C_38,Run1_C_39,Run1_C_18,3.1329
4,11,20,Run1_C_35,Run1_C_45,Run1_C_22,0.0221
20,16,15,Run1_C_22,Run1_C_41,Run1_C_7,0.5517
6,11,5,Run1_C_36,Run1_C_45,Run1_C_43,1.8491
21,5,22,Run1_C_12,Run1_C_43,Run1_C_27,0.7708
21,15,4,Run1_C_12,Run1_C_7,Run1_C_35,0.2552
18,16,8,Run1_C_32,Run1_C_41,Run1_C_13,0.8465
23,19,15,Run1_C_38,Run1_C_31,Run1_C_7,0.1964
23,19,8,Run1_C_38,Run1_C_31,Run1_C_13,0.3889
4,13,22,Run1_C_35,Run1_C_18,Run1_C_27,0.0852
14,21,13,Run1_C_39,Run1_C_12,Run1_C_18,0.3234
23,4,8,Run1_C_38,Run1_C_35,Run1_C_13,1.3848
21,9,19,Run1_C_12,Run1_C_25,Run1_C_31,0.5295
9,18,15,Run1_C_25,Run1_C_32,Run1_C_7,1.4747
5,13,0,Run1_C_43,Run1_C_18,Run1_C_29,0.0606
3,5,11,Run1_C_42,Run1_C_43,Run1_C_45,1.5134
14,23,21,Run1_C_39,Run1_C_38,Run1_C_12,2.1692
14,9,1,Run1_C_39,Run1_C_25,Run1_C_30,1.4133
22,4,15,Run1_C_27,Run1_C_35,Run1_C_7,0.579
7,6,17,Run1_C_14,Run1_C_36,Run1_C_40,0.0454
0,16,11,Run1_C_29,Run1_C_41,Run1_C_45,0.024
2,22,13,Run1_C_44,Run1_C_27,Run1_C_18,0.9553
7,18,1,Run1_C_14,Run1_C_32,Run1_C_30,1.4631
6,19,13,Run1_C_36,Run1_C_31,Run1_C_18,0.0327
9,10,19,Run1_C_25,Run1_C_19,Run1_C_31,0.064
13,16,22,Run1_C_18,Run1_C_41,Run1_C_27,0.6309
17,10,14,Run1_C_40,Run1_C_19,Run1_C_39,0.7235
3,1,22,Run1_C_42,Run1_C_30,Run1_C_27,1.163
8,23,22,Run1_C_13,Run1_C_38,Run1_C_27,0.5
17,16,22,Run1_C_40,Run1_C_41,Run1_C_27,2.0838
2,14,8,Run1_C_44,Run1_C_39,Run1_C_13,1.1859
8,4,16,Run1_C_13,Run1_C_35,Run1_C_41,0.002
3,16,6,Run1_C_42,Run1_C_41,Run1_C_36,1.0182
8,6,5,Run1_C_13,Run1_C_36,Run1_C_43,0.5037
13,16,8,Run1_C_18,Run1_C_41,Run1_C_13,0.432
5,20,17,Run1_C_43,Run1_C_22,Run1_C_40,0.2545
1,13,11,Run1_C_30,Run1_C_18,Run1_C_45,0.6249
6,11,14,Run1_C_36,Run1_C_45,Run1_C_39,0.9783
1,16,9,Run1_C_30,Run1_C_41,Run1_C_25,0.8913
21,6,20,Run1_C_12,Run1_C_36,Run1_C_22,0.0221
10,0,20,Run1_C_19,Run1_C_29,Run1_C_22,0.7478
23,18,3,Run1_C_38,Run1_C_32,Run1_C_42,0.0831
2,23,1,Run1_C_44,Run1_C_38,Run1_C_30,0.7937
14,9,6,Run1_C_39,Run1_C_25,Run1_C_36,0.2098
21,13,22,Run1_C_12,Run1_C_18,Run1_C_27,0.6197
22,20,9,Run1_C_27,Run1_C_22,Run1_C_25,0.4193
8,21,0,Run1_C_13,Run1_C_12,Run1_C_29,0.5345
17,16,21,Run1_C_40,Run1_C_41,Run1_C_12,1.7478
5,20,23,Run1_C_43,Run1_C_22,Run1_C_38,1.5598
3,16,13,Run1_C_42,Run1_C_41,Run1_C_18,0.2979
23,21,16,Run1_C_38,Run1_C_12,Run1_C_41,0.4978
8,21,2,Run1_C_13,Run1_C_12,Run1_C_44,0.5978
3,19,15,Run1_C_42,Run1_C_31,Run1_C_7,0.0387
8,14,7,Run1_C_13,Run1_C_39,Run1_C_14,0.5455
14,4,7,Run1_C_39,Run1_C_35,Run1_C_14,1.1296
7,5,4,Run1_C_14,Run1_C_43,Run1_C_35,0.3709
18,16,21,Run1_C_32,Run1_C_41,Run1_C_12,0.372
17,13,7,Run1_C_40,Run1_C_18,Run1_C_14,0.9589
23,11,1,Run1_C_38,Run1_C_45,Run1_C_30,0.331
3,10,7,Run1_C_42,Run1_C_19,Run1_C_14,0.3145
9,18,1,Run1_C_25,Run1_C_32,Run1_C_30,1.4133
23,0,19,Run1_C_38,Run1_C_29,Run1_C_31,0.9428
19,13,14,Run1_C_31,Run1_C_18,Run1_C_39,0.7264
8,11,15,Run1_C_13,Run1_C_45,Run1_C_7,0.4886
5,13,18,Run1_C_43,Run1_C_18,Run1_C_32,0.0767
23,6,5,Run1_C_38,Run1_C_36,Run1_C_43,0.8422
17,21,1,Run1_C_40,Run1_C_12,Run1_C_30,0.4082
8,14,22,Run1_C_13,Run1_C_39,Run1_C_27,0.5
14,4,16,Run1_C_39,Run1_C_35,Run1_C_41,1.8854
8,21,17,Run1_C_13,Run1_C_12,Run1_C_40,0.2617
19,5,23,Run1_C_31,Run1_C_43,Run1_C_38,0.5818
10,1,7,Run1_C_19,Run1_C_30,Run1_C_14,0.579
6,19,16,Run1_C_36,Run1_C_31,Run1_C_41,0.3609
7,16,6,Run1_C_14,Run1_C_41,Run1_C_36,0.0499
17,20,2,Run1_C_40,Run1_C_22,Run1_C_44,1.3036
17,20,19,Run1_C_40,Run1_C_22,Run1_C_31,0.1322
7,4,3,Run1_C_14,Run1_C_35,Run1_C_42,0.2552
22,11,10,Run1_C_27,Run1_C_45,Run1_C_19,1.8105
1,20,13,Run1_C_30,Run1_C_22,Run1_C_18,0.2303
7,18,14,Run1_C_14,Run1_C_32,Run1_C_39,1.0178
8,13,18,Run1_C_13,Run1_C_18,Run1_C_32,0.673
17,19,8,Run1_C_40,Run1_C_31,Run1_C_13,1.0344
20,13,23,Run1_C_22,Run1_C_18,Run1_C_38,0.9893
9,0,2,Run1_C_25,Run1_C_29,Run1_C_44,0.2143
0,19,3,Run1_C_29,Run1_C_31,Run1_C_42,0.1723
4,5,11,Run1_C_35,Run1_C_43,Run1_C_45,0.3496
8,14,16,Run1_C_13,Run1_C_39,Run1_C_41,0.5007
17,7,9,Run1_C_40,Run1_C_14,Run1_C_25,0.1437
2,0,8,Run1_C_44,Run1_C_29,Run1_C_13,0.3579
2,10,7,Run1_C_44,Run1_C_19,Run1_C_14,0.5157
22,18,3,Run1_C_27,Run1_C_32,Run1_C_42,0.6426
8,3,13,Run1_C_13,Run1_C_42,Run1_C_18,0.1455
21,9,15,Run1_C_12,Run1_C_25,Run1_C_7,0.2448
2,6,7,Run1_C_44,Run1_C_36,Run1_C_14,1.7007
14,9,10,Run1_C_39,Run1_C_25,Run1_C_19,0.3454
5,20,9,Run1_C_43,Run1_C_22,Run1_C_25,1.9314
8,14,5,Run1_C_13,Run1_C_39,Run1_C_43,0.1048
9,11,23,Run1_C_25,Run1_C_45,Run1_C_38,0.2859
14,10,7,Run1_C_39,Run1_C_19,Run1_C_14,1.0495
2,16,15,Run1_C_44,Run1_C_41,Run1_C_7,0.0934
9,0,1,Run1_C_25,Run1_C_29,Run1_C_30,1.5
2,0,1,Run1_C_44,Run1_C_29,Run1_C_30,0.3913
17,13,0,Run1_C_40,Run1_C_18,Run1_C_29,0.6943
5,20,8,Run1_C_43,Run1_C_22,Run1_C_13,1.526
9,13,7,Run1_C_25,Run1_C_18,Run1_C_14,0.0025
6,4,15,Run1_C_36,Run1_C_35,Run1_C_7,0.2594
6,22,4,Run1_C_36,Run1_C_27,Run1_C_35,0.5083
23,9,6,Run1_C_38,Run1_C_25,Run1_C_36,0.2098
2,23,19,Run1_C_44,Run1_C_38,Run1_C_31,0.3753
7,5,0,Run1_C_14,Run1_C_43,Run1_C_29,0.7631
22,16,14,Run1_C_27,Run1_C_41,Run1_C_39,0.4708
9,0,20,Run1_C_25,Run1_C_29,Run1_C_22,2.0103
11,0,13,Run1_C_45,Run1_C_29,Run1_C_18,0.4339
23,6,16,Run1_C_38,Run1_C_36,Run1_C_41,0.8227
17,10,5,Run1_C_40,Run1_C_19,Run1_C_43,0.7671
14,23,7,Run1_C_39,Run1_C_38,Run1_C_14,3.1885
